Direction;StartTime;StartPrice;EndTime;EndPrice;LineLength;AvgDiff;ImpulseDiff;PrevLineLength;MaxDeviation
SELL;23.09.2021 17:45;1.17488;01.10.2021 04:00;1.15635;185;0.044;0.1573;-189.0625;0.6843
SELL;29.10.2021 03:00;1.1689;29.10.2021 19:30;1.15374;152;0.0605;0.6257;-49.0196;0.6346
SELL;09.11.2021 08:00;1.16061;17.11.2021 05:30;1.12795;327;0.0518;0.5578;-255.4348;0.949
BUY;10.01.2022 16:00;1.12909;14.01.2022 07:30;1.14806;190;0.0489;0.1028;-163.8889;0.2926
SELL;14.01.2022 07:30;1.14806;18.01.2022 22:45;1.13172;163;0.0529;0.1748;14.2105;0.6879
SELL;26.01.2022 04:30;1.13105;28.01.2022 10:30;1.11235;187;0.0537;0.2999;-334.8837;0.4162
BUY;28.01.2022 10:30;1.11235;02.02.2022 15:00;1.13292;206;0.0567;0.2112;-10.1604;0.9099
BUY;03.02.2022 13:00;1.12757;04.02.2022 14:00;1.14806;205;0.0854;0.2991;-286.7925;0.2006
SELL;10.02.2022 18:15;1.14886;14.02.2022 21:15;1.12868;202;0.0804;0.3018;-94.2308;0.3847
SELL;23.02.2022 12:30;1.13558;24.02.2022 17:45;1.11151;241;0.092;0.6461;-288.7097;0.7454
SELL;28.02.2022 18:15;1.12427;02.03.2022 11:00;1.10661;177;0.0821;0.4229;-82.4742;0.5379
SELL;02.03.2022 21:00;1.11318;07.03.2022 03:15;1.08337;298;0.0878;0.8942;-358.4615;0.7995
BUY;16.03.2022 21:00;1.09581;17.03.2022 20:00;1.11335;175;0.0941;0.5483;-150;0.5314
BUY;28.03.2022 16:00;1.09474;29.03.2022 16:30;1.11323;185;0.0895;0.9491;-330.2326;1.1104
SELL;31.03.2022 17:45;1.11195;06.04.2022 09:00;1.08771;242;0.0587;0.2608;-490.2439;0.8271
BUY;19.04.2022 05:15;1.07657;21.04.2022 10:45;1.09272;161;0.0712;0.8476;-133.3333;0.8239
SELL;21.04.2022 10:45;1.09272;27.04.2022 17:45;1.0515;412;0.0831;0.5605;-155.9006;1.2259
SELL;11.05.2022 16:30;1.05673;12.05.2022 19:45;1.03578;210;0.1107;0.6786;-356.5217;0.763
BUY;13.05.2022 16:15;1.03582;18.05.2022 03:00;1.05621;204;0.0795;0.1724;-251.7241;1.0372
BUY;20.05.2022 21:15;1.05337;24.05.2022 19:00;1.07469;213;0.0842;0.3402;-200;0.8996
SELL;09.06.2022 15:15;1.0761;14.06.2022 04:45;1.04014;360;0.0936;0.2661;-480.6452;0.2918
BUY;16.06.2022 10:30;1.03815;16.06.2022 20:30;1.05882;207;0.1876;0.8883;-146.4286;0.8632
SELL;04.07.2022 14:00;1.04611;06.07.2022 15:15;1.01688;292;0.0856;0.6002;-231.8182;0.9564
SELL;08.07.2022 18:00;1.01865;12.07.2022 12:30;1.00008;186;0.0873;0.1698;-70.6422;1.0977
SELL;13.07.2022 17:45;1.0107;14.07.2022 16:30;0.99534;154;0.1007;0.656;-54;0.7173
BUY;14.07.2022 19:45;0.99904;18.07.2022 13:15;1.0162;172;0.0892;0.5459;-265.9574;0.7172
BUY;10.08.2022 03:15;1.02036;10.08.2022 17:45;1.03551;151;0.0934;1.0951;-251.1628;0.8488
SELL;11.08.2022 16:45;1.03589;16.08.2022 14:15;1.01269;232;0.0708;0.1727;-179.5181;0.7227
SELL;17.08.2022 21:00;1.01968;23.08.2022 09:45;0.99062;291;0.0706;0.4072;-315.7143;0.7982
SELL;26.08.2022 17:00;1.00735;29.08.2022 07:30;0.99157;158;0.1074;0.1955;-29.5082;0.309
BUY;08.09.2022 19:00;0.99478;09.09.2022 10:15;1.01093;162;0.08;0.5117;-305;0.4388
BUY;09.09.2022 16:00;1.00344;12.09.2022 10:15;1.0195;161;0.0941;1.1661;-114.6667;1.1312
SELL;13.09.2022 14:15;1.01809;14.09.2022 01:00;0.99609;220;0.1315;0.1937;-218.8406;0.1522
SELL;20.09.2022 03:00;1.00492;21.09.2022 21:00;0.98324;217;0.0972;0.7675;-174.6835;0.7353
SELL;22.09.2022 11:30;0.98996;26.09.2022 03:45;0.95692;330;0.1292;1.5687;-283.7209;1.3701
BUY;28.09.2022 09:45;0.95393;28.09.2022 21:45;0.97447;205;0.2068;0.7122;-69.4215;0.8072
BUY;29.09.2022 15:45;0.96881;30.09.2022 11:00;0.98405;152;0.1314;0.6008;-210.2041;0.41
BUY;03.10.2022 14:30;0.97606;04.10.2022 21:45;0.99977;237;0.1241;0.3848;-264.6154;0.7191
SELL;04.10.2022 21:45;0.99977;05.10.2022 17:15;0.98462;151;0.1072;0.8928;36.2869;0.914
SELL;06.10.2022 06:15;0.99252;07.10.2022 09:30;0.97702;155;0.0989;0.3842;-96.2025;0.3011
BUY;13.10.2022 15:30;0.96487;14.10.2022 04:45;0.97996;151;0.1639;0.4813;-55.6701;0.2557
BUY;14.10.2022 19:45;0.97177;18.10.2022 09:30;0.98685;151;0.0915;0.2232;-106.8493;1.112
BUY;21.10.2022 15:15;0.9714;24.10.2022 00:45;0.98847;171;0.2055;0.2695;-30.5344;0.2191
BUY;24.10.2022 12:15;0.98133;27.10.2022 02:45;1.00934;280;0.0998;0.2122;-300;0.8058
SELL;02.11.2022 21:15;0.99446;03.11.2022 13:30;0.97354;209;0.1155;0.5808;-145.8824;0.3492
BUY;03.11.2022 13:30;0.97354;04.11.2022 23:15;0.99627;227;0.1194;0.5201;-8.6124;1.6095
BUY;10.11.2022 12:15;0.99416;10.11.2022 17:45;1.01812;240;0.2613;2.3041;-101.6807;1.2891
BUY;14.11.2022 13:30;1.02753;15.11.2022 15:30;1.04428;168;0.1128;0.8585;-140;0.6588
SELL;18.11.2022 11:30;1.03903;21.11.2022 19:15;1.02254;165;0.1032;0.3905;-111.5385;0.701
SELL;28.11.2022 13:00;1.04936;28.11.2022 22:15;1.03345;159;0.1218;0.4144;-6;0.1992
BUY;30.11.2022 17:45;1.02986;01.12.2022 08:45;1.0456;157;0.1128;0.2298;-63.5417;0.2078
SELL;30.12.2022 19:45;1.07104;03.01.2023 13:15;1.05265;184;0.0735;0.3947;-201.6393;1.3276
BUY;06.01.2023 14:30;1.04904;09.01.2023 18:45;1.07581;268;0.0977;0.4508;-92.8058;0.6882
BUY;31.01.2023 10:45;1.08033;02.02.2023 06:30;1.10245;221;0.0736;0.1143;-102.7523;0.8234
SELL;03.02.2023 15:00;1.09372;07.02.2023 17:15;1.06705;267;0.0808;0.3499;-434;0.4566
SELL;20.02.2023 09:30;1.07017;27.02.2023 08:30;1.05342;168;0.0622;0.167;-100;0.2671
SELL;06.03.2023 18:45;1.06936;08.03.2023 05:45;1.05294;164;0.0648;0.2116;-41.3793;0.7037
BUY;08.03.2023 05:45;1.05294;10.03.2023 17:30;1.0697;168;0.0738;1.108;-2.439;1.0195
SELL;15.03.2023 05:00;1.07581;15.03.2023 18:30;1.05226;235;0.134;0.4183;-213.3333;0.9159
BUY;20.03.2023 11:15;1.06317;23.03.2023 09:30;1.09248;293;0.0681;0.3125;-423.2143;0.7439
SELL;23.03.2023 09:30;1.09248;24.03.2023 12:45;1.07257;199;0.0897;1.0558;32.0819;0.8835
BUY;10.04.2023 17:15;1.08337;14.04.2023 08:45;1.10744;241;0.0532;0.1156;-133.9806;0.3636
SELL;14.04.2023 08:45;1.10744;17.04.2023 19:45;1.09117;163;0.0663;0.1502;32.3651;0.6402
SELL;10.05.2023 15:45;1.10008;12.05.2023 19:30;1.08488;152;0.0575;0.3589;-176.3636;0.5474
BUY;15.06.2023 08:00;1.08075;16.06.2023 15:00;1.09668;159;0.064;0.2309;-189.0909;0.2672
SELL;22.06.2023 13:15;1.10071;23.06.2023 11:45;1.08491;158;0.0617;0.7155;-46.2963;0.597
BUY;06.07.2023 17:30;1.08398;11.07.2023 09:15;1.10234;184;0.0532;0.1915;-222.807;0.4661
BUY;11.07.2023 15:45;1.09817;18.07.2023 10:00;1.12717;290;0.0548;0.2807;-590.4762;0.3351
SELL;20.07.2023 04:30;1.12265;25.07.2023 16:15;1.10269;200;0.0557;0.2509;-354.5455;0.6699
SELL;27.07.2023 13:00;1.11465;28.07.2023 11:00;1.09511;195;0.0894;0.4358;-62.5;0.2654
SELL;10.08.2023 15:45;1.1042;14.08.2023 16:45;1.08815;161;0.0627;0.6115;-53.3333;0.642
BUY;29.08.2023 16:00;1.07838;30.08.2023 16:45;1.09448;161;0.0687;0.6508;-198.1481;0.5398
SELL;01.09.2023 16:15;1.08745;07.09.2023 16:45;1.06917;183;0.0499;0.2299;-315.9091;0.2821
SELL;22.09.2023 17:30;1.06677;27.09.2023 21:00;1.04924;175;0.0527;0.3226;-288.8889;0.7257
SELL;29.09.2023 13:00;1.06154;03.10.2023 18:45;1.04524;163;0.0671;0.3583;-32.5203;0.8266
BUY;18.10.2023 19:00;1.0524;24.10.2023 10:00;1.06875;164;0.0574;0.1338;-141.1765;0.8072
SELL;24.10.2023 10:00;1.06875;26.10.2023 18:15;1.05257;162;0.0593;0.3272;1.2195;0.2661
BUY;09.11.2023 21:30;1.06616;14.11.2023 22:15;1.08865;225;0.0548;0.1756;-262.9032;1.5613
BUY;22.11.2023 17:00;1.08538;29.11.2023 03:15;1.10129;159;0.0499;0.2199;-43.2432;0.5498
SELL;29.11.2023 03:15;1.10129;01.12.2023 17:30;1.08371;176;0.0658;0.4789;-10.6918;0.498
BUY;08.12.2023 19:00;1.07411;14.12.2023 19:15;1.1005;264;0.0623;0.3395;-560;1.6863
BUY;20.12.2023 22:45;1.09316;28.12.2023 11:30;1.11366;205;0.0492;0.3147;-279.6296;0.6943
SELL;28.12.2023 11:30;1.11366;03.01.2024 21:00;1.08956;241;0.0622;0.2018;-17.561;0.8148
SELL;02.02.2024 11:30;1.0897;05.02.2024 17:45;1.07252;172;0.0655;0.2319;-50.8772;0.4085
SELL;09.04.2024 16:15;1.08816;16.04.2024 09:15;1.06051;276;0.0505;0.1461;-206.6667;0.2545
BUY;09.05.2024 14:30;1.0725;16.05.2024 03:45;1.08937;169;0.0375;0.079;-141.4286;0.8099
SELL;07.06.2024 10:00;1.08983;11.06.2024 17:45;1.07223;176;0.0495;0.1603;-319.0476;0.3496
SELL;12.06.2024 18:15;1.08504;14.06.2024 16:45;1.0669;181;0.0516;0.3575;-41.4063;0.4513
BUY;02.07.2024 13:00;1.07105;15.07.2024 18:00;1.09215;211;0.0368;0.186;-224.6154;0.2966
BUY;01.08.2024 12:45;1.07777;05.08.2024 16:15;1.09967;219;0.0699;0.5977;-222.0588;0.8036
BUY;08.08.2024 16:30;1.08863;14.08.2024 17:30;1.10424;156;0.0392;0.3945;-41.8182;0.8804
BUY;15.08.2024 16:00;1.09524;21.08.2024 21:15;1.11732;221;0.0411;0.2922;-145.5556;0.6082
SELL;23.08.2024 21:00;1.11998;03.09.2024 20:45;1.10279;172;0.0457;0.1894;-72;0.4827
BUY;11.09.2024 17:30;1.10043;18.09.2024 21:15;1.11715;167;0.0435;0.5705;-28.4615;0.535
SELL;30.09.2024 11:45;1.12057;04.10.2024 19:15;1.09536;252;0.0563;0.269;-342.1053;0.6523
SELL;05.11.2024 20:15;1.09354;06.11.2024 05:30;1.0719;216;0.1313;1.2848;-109.7087;1.2334
SELL;07.11.2024 17:15;1.08186;13.11.2024 10:00;1.05962;222;0.064;0.2225;-69.4656;0.4328
SELL;20.11.2024 02:15;1.0608;22.11.2024 11:00;1.03399;268;0.0696;1.589;-267.1233;1.4817
BUY;22.11.2024 11:00;1.03399;25.11.2024 01:15;1.04984;159;0.1286;0.8425;40.6716;0.3178
SELL;17.12.2024 02:45;1.05286;18.12.2024 23:45;1.03492;179;0.0646;0.7685;-148.6111;1.2657
SELL;31.12.2024 11:30;1.04202;02.01.2025 18:30;1.02458;174;0.0807;0.9704;-324.3902;0.9885
BUY;02.01.2025 18:30;1.02458;06.01.2025 15:15;1.04356;190;0.0698;1.045;-9.1954;1.0962
BUY;13.01.2025 11:15;1.01868;15.01.2025 15:45;1.03444;158;0.0755;0.5909;-15.3285;0.4651
BUY;20.01.2025 01:15;1.02683;20.01.2025 17:00;1.04255;157;0.0876;1.1795;-185.4545;0.9868
SELL;31.01.2025 19:15;1.04319;03.02.2025 05:30;1.02149;217;0.1473;0.3929;-239.0625;0.3848
SELL;26.02.2025 19:15;1.05234;28.02.2025 20:45;1.03635;160;0.0651;0.4631;-240.4255;0.4415
BUY;28.02.2025 20:45;1.03635;06.03.2025 17:00;1.0839;475;0.0942;0.609;-196.875;1.7437
BUY;03.04.2025 00:15;1.08152;03.04.2025 13:00;1.11051;290;0.1702;1.6783;-308.4507;0.9391
BUY;08.04.2025 17:30;1.08953;09.04.2025 09:45;1.10734;178;0.1314;0.5489;-182.5397;0.2776
BUY;09.04.2025 22:45;1.09344;10.04.2025 21:15;1.1237;303;0.1427;0.58;-588.6364;1.0804
BUY;10.04.2025 22:15;1.11612;11.04.2025 06:30;1.13451;184;0.2024;0.6708;-142.1053;0.3224
BUY;11.04.2025 09:00;1.12604;11.04.2025 11:45;1.14272;167;0.3499;1.9974;-96.4706;0.4413
BUY;17.04.2025 15:15;1.13427;21.04.2025 12:00;1.15678;225;0.0785;0.591;-257.1429;1.2859
SELL;22.04.2025 08:15;1.15469;23.04.2025 01:15;1.13172;230;0.1239;1.0077;-253.8462;0.8339
SELL;07.05.2025 09:45;1.13737;09.05.2025 05:00;1.11998;174;0.0908;0.3281;-295.4545;0.6068
SELL;09.05.2025 17:15;1.12869;12.05.2025 11:00;1.10934;193;0.0915;1.3756;-121.8391;1.2443
BUY;12.05.2025 21:15;1.10676;14.05.2025 12:30;1.1259;191;0.0765;0.7297;-229.3103;0.5834
SELL;26.05.2025 08:45;1.14172;29.05.2025 02:30;1.12103;207;0.0633;0.7713;-89.9083;0.7875
BUY;29.05.2025 02:30;1.12103;29.05.2025 20:30;1.13828;172;0.1057;0.2515;16.9082;0.5279
BUY;10.06.2025 10:00;1.13781;12.06.2025 15:30;1.16277;250;0.0716;0.4878;-316.6667;0.8486
BUY;23.06.2025 12:15;1.14563;24.06.2025 17:15;1.16329;177;0.0862;0.5107;-210.5263;0.3976
SELL;10.07.2025 03:30;1.17461;16.07.2025 17:30;1.15688;177;0.0535;0.4367;-210.5263;0.8012
SELL;28.07.2025 03:15;1.17653;29.07.2025 10:00;1.15315;234;0.0676;0.5485;-310.5263;0.4212
SELL;30.07.2025 04:00;1.15697;31.07.2025 00:00;1.14029;167;0.0817;0.5327;-234;0.6964
BUY;01.08.2025 15:15;1.13959;01.08.2025 16:15;1.15699;174;0.4222;1.5582;-176.1905;0.3811
BUY;05.08.2025 14:30;1.15326;07.08.2025 10:45;1.16896;157;0.0587;0.1995;-149.2063;0.3163
BUY;22.08.2025 07:15;1.15836;22.08.2025 20:30;1.17404;157;0.0788;0.2601;-78.4091;0.8435
BUY;27.08.2025 13:45;1.15794;01.09.2025 11:45;1.17352;156;0.0546;0.1808;-90.2439;0.3226
BUY;12.09.2025 15:30;1.17036;16.09.2025 20:00;1.18761;172;0.0517;0.3492;-330;0.8512
SELL;21.01.2022 16:15;1.13556;28.01.2022 10:30;1.11235;232;0.0505;0.2999;-329.6296;1.101
BUY;28.01.2022 10:30;1.11235;02.02.2022 15:00;1.13292;206;0.0567;0.2112;11.2069;0.9099
BUY;28.03.2022 08:30;1.09453;29.03.2022 16:30;1.11323;187;0.0916;0.9491;-107.7778;1.1787
SELL;31.03.2022 04:15;1.11821;06.04.2022 09:00;1.08771;305;0.0635;0.2608;-187.7358;0.7132
SELL;27.06.2022 18:15;1.06094;30.06.2022 15:00;1.03868;223;0.0749;0.4881;-92.2414;0.67
BUY;14.07.2022 19:45;0.99904;18.07.2022 17:45;1.01939;203;0.0927;0.7952;-331.9149;0.9238
BUY;05.08.2022 18:15;1.01519;10.08.2022 17:45;1.03551;203;0.0682;1.0951;-105.0505;1.3682
BUY;08.09.2022 16:00;0.99375;09.09.2022 10:15;1.01093;172;0.1075;0.5117;-100;0.4417
SELL;06.10.2022 06:15;0.99252;11.10.2022 07:45;0.96771;248;0.0993;0.253;-213.9241;0.407
SELL;08.11.2022 20:00;1.00929;10.11.2022 12:15;0.99416;151;0.0995;0.7799;-37.2727;0.8854
BUY;10.11.2022 12:15;0.99416;10.11.2022 23:15;1.02155;274;0.1997;0.6369;-81.457;0.6917
BUY;11.11.2022 03:45;1.01663;11.11.2022 21:45;1.03622;196;0.1386;0.3373;-300;0.382
BUY;14.11.2022 13:30;1.02753;15.11.2022 15:30;1.04428;168;0.1128;0.8585;-93.1034;0.6588
BUY;12.12.2022 21:00;1.05134;14.12.2022 22:00;1.06899;176;0.0949;0.6999;-188.5246;0.6306
SELL;30.12.2022 19:45;1.07104;03.01.2023 13:15;1.05265;184;0.0735;0.3947;-78.6408;1.3276
BUY;06.01.2023 14:30;1.04904;12.01.2023 15:45;1.08294;339;0.0828;1.0341;-143.8849;0.9412
BUY;24.03.2023 12:45;1.07257;31.03.2023 04:15;1.09205;195;0.0628;0.1979;2.0101;0.6855
BUY;03.04.2023 06:45;1.079;04.04.2023 17:45;1.09695;180;0.0738;0.7923;-37.4046;0.6619
BUY;06.07.2023 17:30;1.08398;18.07.2023 10:00;1.12717;432;0.0545;0.2807;-657.8947;0.4127
SELL;18.07.2023 10:00;1.12717;25.07.2023 16:15;1.10269;245;0.0584;0.2509;43.287;0.7002
SELL;30.08.2023 16:45;1.09448;07.09.2023 16:45;1.06917;253;0.0525;0.2299;-57.1429;0.2523
BUY;08.12.2023 16:00;1.07358;14.12.2023 19:15;1.1005;269;0.0642;0.3395;-244.8718;1.6866
BUY;14.02.2024 11:30;1.06985;22.02.2024 10:15;1.08848;186;0.0409;0.5073;-77.1429;0.6655
BUY;29.02.2024 19:30;1.07972;08.03.2024 15:30;1.0972;175;0.041;0.5809;-212.5;0.7509
SELL;04.06.2024 03:30;1.09152;11.06.2024 17:45;1.07223;193;0.0435;0.1603;-127.0588;0.6901
SELL;30.09.2024 11:45;1.12057;10.10.2024 20:00;1.09011;305;0.0505;0.2739;-435.0877;0.4417
SELL;07.11.2024 17:15;1.08186;14.11.2024 13:00;1.05014;317;0.0678;0.4828;-141.9847;1.0514
SELL;30.12.2024 14:00;1.04573;02.01.2025 18:30;1.02458;212;0.073;0.9704;-194.4444;1.0175
BUY;02.01.2025 18:30;1.02458;06.01.2025 15:15;1.04356;190;0.0698;1.045;10.3774;1.0962
SELL;07.01.2025 11:30;1.04283;13.01.2025 11:15;1.01868;241;0.0683;0.5262;-308.4746;0.4869
BUY;13.01.2025 11:15;1.01868;15.01.2025 15:45;1.03444;158;0.0755;0.5909;34.4398;0.4651
SELL;04.04.2025 15:15;1.10799;07.04.2025 00:00;1.08838;196;0.2223;0.7718;-88.4615;0.0818
BUY;08.04.2025 17:30;1.08953;09.04.2025 09:45;1.10734;178;0.1314;0.5489;-85.4167;0.2776
BUY;09.04.2025 21:00;1.093;10.04.2025 21:15;1.1237;307;0.156;0.58;-104.6667;1.1614
SELL;06.05.2025 22:30;1.13797;09.05.2025 05:00;1.11998;180;0.0908;0.3281;-91.4894;0.6841
BUY;23.06.2025 12:15;1.14563;26.06.2025 11:30;1.17386;282;0.0717;0.6209;-235.7143;0.61
BUY;21.07.2025 04:45;1.16174;24.07.2025 17:00;1.17873;170;0.0568;0.4941;-254.1667;0.4657
BUY;11.09.2025 15:15;1.16808;17.09.2025 21:00;1.18934;213;0.0526;0.6431;-117.3469;0.7844
SELL;21.09.2021 16:30;1.17307;01.10.2021 04:00;1.15635;167;0.0448;0.1573;0;0.8135
SELL;14.01.2022 07:30;1.14806;21.01.2022 03:00;1.13018;179;0.0506;0.1415;5.7895;0.4285
SELL;02.03.2022 21:00;1.11318;07.03.2022 03:15;1.08337;298;0.0878;0.8942;-351.5152;0.7995
BUY;09.03.2022 01:15;1.08919;09.03.2022 19:45;1.10937;202;0.1143;0.7418;-267.2727;0.7357
SELL;09.05.2022 19:15;1.059;12.05.2022 19:45;1.03578;232;0.0942;0.6786;-166.6667;1.2708
SELL;09.06.2022 15:15;1.0761;14.06.2022 04:45;1.04014;360;0.0936;0.2661;-239.6226;0.2918
BUY;14.07.2022 16:30;0.99534;18.07.2022 17:45;1.01939;241;0.101;0.7952;-56.4935;0.8983
BUY;29.09.2022 10:30;0.96469;30.09.2022 11:00;0.98405;194;0.1456;0.6008;-97.9592;0.4102
BUY;24.10.2022 12:15;0.98133;27.10.2022 02:45;1.00934;280;0.0998;0.2122;-294.3662;0.8058
BUY;07.11.2022 00:00;0.99099;08.11.2022 20:00;1.00929;183;0.0976;0.3394;-245.283;0.8526
SELL;08.11.2022 20:00;1.00929;10.11.2022 12:15;0.99416;151;0.0995;0.7799;17.4863;0.8854
BUY;10.11.2022 12:15;0.99416;11.11.2022 21:45;1.03622;421;0.1525;0.3373;-178.8079;0.3391
BUY;21.11.2022 19:15;1.02254;24.11.2022 06:45;1.04463;221;0.0839;0.2309;-33.9394;0.7826
SELL;02.02.2023 06:30;1.10245;07.02.2023 17:15;1.06705;354;0.0821;0.3499;-60.181;0.4572
BUY;10.04.2023 17:15;1.08337;14.04.2023 08:45;1.10744;241;0.0532;0.1156;-77.2059;0.3636
SELL;22.05.2023 04:15;1.08285;30.05.2023 10:15;1.06775;151;0.0525;0.3358;-125.3731;0.4406
SELL;20.09.2023 19:15;1.07366;27.09.2023 21:00;1.04924;244;0.0587;0.3226;-139.2157;0.715
BUY;02.07.2024 13:00;1.07105;17.07.2024 13:00;1.09443;234;0.0368;0.3615;-260;0.5427
SELL;17.07.2024 13:00;1.09443;01.08.2024 12:45;1.07777;167;0.0381;0.2965;28.6325;0.5777
BUY;01.08.2024 12:45;1.07777;05.08.2024 16:15;1.09967;219;0.0699;0.5977;-31.1377;0.8036
BUY;22.11.2024 11:00;1.03399;25.11.2024 15:45;1.05285;189;0.1064;0.5351;29.4776;0.6294
SELL;26.02.2025 02:15;1.05246;28.02.2025 20:45;1.03635;161;0.064;0.4631;-147.6923;0.5294
BUY;28.02.2025 20:45;1.03635;06.03.2025 17:00;1.0839;475;0.0942;0.609;-195.0311;1.7437
SELL;20.03.2025 05:00;1.09167;27.03.2025 01:15;1.07348;182;0.0624;0.2196;-250;0.5403
SELL;28.04.2025 23:15;1.14236;01.05.2025 18:30;1.12679;156;0.0827;0.5019;-69.5652;0.5663
SELL;09.05.2025 17:15;1.12869;12.05.2025 13:30;1.10744;212;0.0997;0.6382;-143.6782;1.3443
BUY;22.05.2025 20:15;1.12589;26.05.2025 08:45;1.14172;158;0.0776;0.1586;-56.4356;0.365
SELL;26.05.2025 08:45;1.14172;29.05.2025 02:30;1.12103;207;0.0633;0.7713;-31.0127;0.7875
BUY;17.07.2025 14:45;1.15745;24.07.2025 17:00;1.17873;213;0.0569;0.4941;-85.2174;0.5813
BUY;01.08.2025 15:15;1.13959;01.08.2025 23:45;1.15952;199;0.1779;0.6332;-215.873;0.2646
BUY;22.08.2025 07:15;1.15836;22.08.2025 20:30;1.17404;157;0.0788;0.2601;-19.8473;0.8435
SELL;14.01.2022 07:30;1.14806;28.01.2022 10:30;1.11235;357;0.0504;0.2999;-87.8947;1.229
BUY;28.01.2022 10:30;1.11235;04.02.2022 14:00;1.14806;357;0.0606;0.2991;0;1.4414
BUY;24.02.2022 17:45;1.11151;25.02.2022 23:15;1.12734;158;0.1041;0.2104;34.4398;0.4594
SELL;02.03.2022 21:00;1.11318;07.03.2022 12:15;1.08171;315;0.0929;0.6864;-377.2727;0.7194
SELL;04.07.2022 14:00;1.04611;08.07.2022 10:30;1.00773;384;0.088;0.9683;-336.3636;0.8764
SELL;27.10.2022 17:15;1.00427;31.10.2022 18:30;0.98754;167;0.0996;0.4174;-145.5882;0.7153
BUY;03.11.2022 13:30;0.97354;08.11.2022 20:00;1.00929;358;0.1068;0.3394;-71.2919;0.9433
SELL;08.11.2022 20:00;1.00929;10.11.2022 12:15;0.99416;151;0.0995;0.7799;57.8212;0.8854
BUY;30.11.2022 17:45;1.02986;02.12.2022 14:30;1.05418;243;0.1163;0.2422;-153.125;0.1332
SELL;10.05.2023 15:45;1.10008;19.05.2023 07:30;1.07613;239;0.0505;0.1245;-334.5455;0.6041
BUY;07.06.2023 10:00;1.06696;16.06.2023 15:00;1.09668;297;0.0535;0.2309;-182.8571;1.1326
BUY;25.08.2023 17:45;1.07715;30.08.2023 16:45;1.09448;173;0.0559;0.6508;-188.3333;1.1625
SELL;30.08.2023 16:45;1.09448;07.09.2023 16:45;1.06917;253;0.0525;0.2299;-46.2428;0.2523
BUY;01.11.2023 16:15;1.05241;06.11.2023 11:00;1.07542;230;0.0617;0.2308;-59.7222;0.1934
BUY;09.11.2023 21:30;1.06616;16.11.2023 17:15;1.08908;229;0.0555;0.4904;-269.3548;1.1362
BUY;15.12.2023 21:15;1.0892;28.12.2023 11:30;1.11366;245;0.0498;0.3147;-116.8142;0.8251
SELL;28.12.2023 11:30;1.11366;03.01.2024 21:00;1.08956;241;0.0622;0.2018;1.6327;0.8148
BUY;29.02.2024 19:30;1.07972;08.03.2024 15:30;1.0972;175;0.041;0.5809;-165.1515;0.7509
SELL;04.06.2024 03:30;1.09152;11.06.2024 17:45;1.07223;193;0.0435;0.1603;-54.4;0.6901
SELL;30.09.2024 11:45;1.12057;17.10.2024 16:15;1.08139;392;0.0465;0.5783;-390;0.5892
BUY;12.02.2025 15:30;1.03282;14.02.2025 16:30;1.05093;181;0.0844;0.4664;-229.0909;0.5959
SELL;18.03.2025 11:15;1.09522;27.03.2025 01:15;1.07348;217;0.064;0.2196;-68.2171;0.5566
BUY;03.04.2025 00:15;1.08152;03.04.2025 17:30;1.11196;304;0.1863;0.5846;-328.169;0.469
SELL;28.04.2025 23:15;1.14236;01.05.2025 18:30;1.12679;156;0.0827;0.5019;-59.1837;0.5663
SELL;09.05.2025 17:15;1.12869;12.05.2025 21:15;1.10676;219;0.1031;0.3914;-151.7241;1.2106
BUY;12.05.2025 21:15;1.10676;14.05.2025 12:30;1.1259;191;0.0765;0.7297;12.7854;0.5834
SELL;16.06.2025 17:00;1.16094;19.06.2025 05:15;1.14516;158;0.0709;0.2852;-39.823;0.488
SELL;29.07.2025 13:15;1.15875;31.07.2025 00:00;1.14029;185;0.0753;0.5327;-230.3571;0.8176
SELL;22.08.2025 20:30;1.17404;27.08.2025 13:45;1.15794;161;0.0562;0.1571;-2.5478;0.5739
BUY;27.08.2025 13:45;1.15794;01.09.2025 11:45;1.17352;156;0.0546;0.1808;3.1056;0.3226
BUY;03.09.2025 10:15;1.16179;09.09.2025 08:45;1.17785;161;0.0548;0.141;-168.3333;0.3701
BUY;07.03.2022 21:45;1.08475;09.03.2022 19:45;1.10937;246;0.1134;0.7418;-251.4286;1.1766
BUY;28.03.2022 08:30;1.09453;31.03.2022 04:15;1.11821;237;0.0828;0.256;-163.3333;0.6006
SELL;31.03.2022 04:15;1.11821;08.04.2022 16:30;1.08381;344;0.0667;0.3813;-45.1477;0.5514
SELL;21.04.2022 10:45;1.09272;28.04.2022 08:30;1.0492;435;0.082;0.5119;-170.1863;1.1085
BUY;12.05.2022 19:45;1.03578;18.05.2022 03:00;1.05621;204;0.0788;0.1724;12.069;1.1326
SELL;30.05.2022 19:45;1.07862;01.06.2022 18:30;1.06283;158;0.0759;0.9552;-79.5455;0.8838
SELL;02.08.2022 03:45;1.02867;03.08.2022 17:45;1.01303;156;0.0991;0.6743;-18.1818;0.6499
SELL;20.09.2022 03:00;1.00492;21.09.2022 21:00;0.98324;217;0.0972;0.7675;-126.0417;0.7353
SELL;28.11.2022 13:00;1.04936;30.11.2022 01:00;1.03197;174;0.1048;0.1123;-16;0.1581
SELL;30.12.2022 19:45;1.07104;03.01.2023 13:15;1.05265;184;0.0735;0.3947;-36.2963;1.3276
BUY;08.03.2023 05:45;1.05294;13.03.2023 10:30;1.07346;205;0.0794;0.2051;-25;0.5701
BUY;15.03.2023 18:30;1.05226;23.03.2023 09:30;1.09248;402;0.0776;0.3125;-71.0638;1.2938
SELL;23.03.2023 09:30;1.09248;24.03.2023 12:45;1.07257;199;0.0897;1.0558;50.4975;0.8835
SELL;08.05.2023 14:00;1.10504;19.05.2023 07:30;1.07613;289;0.0504;0.1245;-270.5128;0.623
BUY;06.07.2023 07:15;1.08339;18.07.2023 10:00;1.12717;438;0.0569;0.2807;-376.087;0.4622
SELL;18.07.2023 10:00;1.12717;25.07.2023 16:15;1.10269;245;0.0584;0.2509;44.0639;0.7002
BUY;25.08.2023 10:45;1.07712;30.08.2023 16:45;1.09448;174;0.0593;0.6508;-70.5882;1.1799
SELL;30.08.2023 16:45;1.09448;07.09.2023 16:45;1.06917;253;0.0525;0.2299;-45.4023;0.2523
SELL;29.11.2023 03:15;1.10129;08.12.2023 16:00;1.07358;277;0.0616;0.5839;-74.2138;0.5304
BUY;08.12.2023 16:00;1.07358;14.12.2023 19:15;1.1005;269;0.0642;0.3395;2.8881;1.6866
BUY;29.02.2024 19:30;1.07972;08.03.2024 15:30;1.0972;175;0.041;0.5809;-98.8636;0.7509
SELL;21.03.2024 10:00;1.09395;02.04.2024 09:30;1.0725;214;0.0375;0.0988;-107.767;0.4784
SELL;30.09.2024 11:45;1.12057;23.10.2024 14:45;1.07631;443;0.0442;0.2209;-453.75;0.5546
SELL;05.11.2024 20:15;1.09354;06.11.2024 08:30;1.07128;223;0.1532;0.855;-116.5049;0.9527
SELL;06.12.2024 15:30;1.06169;13.12.2024 09:15;1.04563;161;0.0672;0.1262;-7.3333;0.4872
SELL;30.12.2024 14:00;1.04573;02.01.2025 18:30;1.02458;212;0.073;0.9704;-98.1308;1.0175
SELL;06.01.2025 15:15;1.04356;13.01.2025 11:15;1.01868;249;0.0702;0.5262;-31.0526;0.4997
BUY;13.01.2025 11:15;1.01868;15.01.2025 15:45;1.03444;158;0.0755;0.5909;36.5462;0.4651
BUY;16.01.2025 14:30;1.02645;20.01.2025 22:00;1.04293;165;0.0823;0.4919;-106.25;1.251
BUY;10.02.2025 00:45;1.02902;14.02.2025 16:30;1.05093;219;0.0647;0.4664;-62.2222;0.9254
BUY;06.03.2025 20:30;1.07658;11.03.2025 21:00;1.09439;178;0.0878;0.2607;-143.8356;0.847
BUY;08.04.2025 17:30;1.08953;09.04.2025 16:15;1.10804;185;0.1471;0.6638;-92.7083;0.3661
BUY;16.05.2025 19:00;1.11369;21.05.2025 13:15;1.13597;223;0.0722;0.4322;-147.7778;0.83
BUY;06.06.2025 16:15;1.13767;12.06.2025 15:30;1.16277;251;0.0662;0.4878;-120.1754;1.4738
BUY;23.06.2025 12:15;1.14563;01.07.2025 13:00;1.18215;365;0.0724;0.466;-334.5238;0.6204
SELL;08.07.2025 10:45;1.17598;16.07.2025 17:30;1.15688;191;0.0544;0.4367;-189.3939;0.8376
SELL;24.07.2025 17:00;1.17873;01.08.2025 15:15;1.13959;391;0.069;0.2709;-83.5681;1.3176
BUY;01.08.2025 15:15;1.13959;01.08.2025 23:45;1.15952;199;0.1779;0.6332;49.1049;0.2646
